,index,시설명,소재지도로명주소,소재지지번주소,운영기관명,전화번호,급식장소,급식대상,급식시간,급식요일,운영시작일자,운영종료일자,위도,경도,데이터기준일자,제공기관코드,제공기관명
0,46,북가좌2동노인복지센터,서울특별시 서대문구 증가로20길 43 (북가좌동),서울특별시 서대문구 북가좌동 5-106,북가좌2동노인복지센터,,북가좌2동노인복지센터,저소득어르신,10:30~12:00,경로식당(월+화+수+목+금+토),,,37.58120413,126.9179051,2022-08-01,3120000,서울특별시 서대문구
1,47,효림재가노인지원센터,서울특별시 서대문구 경기대로9길 62 (충정로3가),서울특별시 서대문구 충정로3가 1-38,효림재가노인지원센터,,효림재가노인지원센터,저소득어르신,10:30~12:00,밑반찬배달(화+금),2006-10-02,,37.56432894,126.9608681,2022-08-01,3120000,서울특별시 서대문구
2,48,인왕어르신복지센터,서울특별시 서대문구 통일로26길 12-5 (홍제동),서울특별시 서대문구 홍제동 23-21,인왕어르신복지센터,,인왕어르신복지센터,저소득어르신,10:30~12:00,경로식당(월+화+수+목+금+토)+밑반찬배달(화+목),2015-01-19,,37.58279515,126.9506698,2022-08-01,3120000,서울특별시 서대문구
3,236,종로종합사회복지관,서울특별시 종로구 지봉로13길 82(창신동),,종로종합사회복지관,02-766-8282,종로종합사회복지관,60세이상 가정형편이 어렵거나 부득이한 사정으로 식사를 거를 우려가 있는 어르신,중식(12:00-13:00),월+화+수+목+금+토,2006-01-01,2050-12-31,37.57719623,127.0121786,2024-08-05,3000000,서울특별시 종로구
4,237,종로노인종합복지관,서울특별시 종로구 율곡로19길 17-8(이화동),,종로노인종합복지관,02-742-9500,종로노인종합복지관,60세이상 가정형편이 어렵거나 부득이한 사정으로 식사를 거를 우려가 있는 어르신,중식(12:00-13:00),월+화+수+목+금+토,2007-02-01,2050-12-31,37.57666665,127.006003,2024-08-05,3000000,서울특별시 종로구
5,238,종로노인종합복지관 무악센터,서울특별시 종로구 통일로14길 30(무악동),,종로노인종합복지관 무악센터,02-6247-9900,종로노인종합복지관 무악센터,60세이상 가정형편이 어렵거나 부득이한 사정으로 식사를 거를 우려가 있는 어르신,중식(12:00-13:00),월+화+수+목+금+토,2014-06-19,2050-12-31,37.57581601,126.9580239,2024-08-05,3000000,서울특별시 종로구
6,290,다시서기종합지원센터,서울특별시 용산구 한강대로 92길 6,서울특별시 용산구 갈월동 14-30,대한성공회유지재단,02-777-5217,다시서기종합지원센터,노숙인,석식(18:30-19:30),월+화+수+목+금+토+일,2008-06-26,,37.54569095,126.9725568,2024-07-29,3020000,서울특별시 용산구
7,291,따스한채움터,서울특별시 용산구 한강대로 377,서울특별시 용산구 동자동 43-9,대한적십자,02-1666-7995,따스한 채움터,노숙인+주거취약계층,조식(08:00-10:00)+중식(12:00-14:00)+석식(17:00-19:00),월+화+수+목+금+토+일,2010-05-04,,37.55206991,126.9720746,2024-07-29,3020000,서울특별시 용산구
8,292,만나샘,서울특별시 용산구 후암로 57길 45,서울특별시 용산구 동자동 35-80,사회복지법인 인정복지재단,02-757-7595,만나샘,노숙인,중식(12:00-13:00)+석식(18:00-19:00),중식(월+화+수+목+금)+석식(월+화+수+목+금+토+일),2015-06-01,,37.55152257,126.974148,2024-07-29,3020000,서울특별시 용산구
9,333,요셉의원,서울특별시 영등포구 경인로100길 6,서울특별시 영등포구 영등포동 423-57,서울카톨릭사회복지회,2634-1760,실내,노숙인,14:00~16:00,목요일,2002-06-01,,37.515306,126.9050411,2024-12-03,3180000,서울특별시 영등포구
10,334,영광교회,서울특별시 영등포구 신길로 234 301호,서울특별시 영등포구 영등포본동 190-101 보광빌딩 301호,영광교회,,실내/실외,노숙인,"월,목(19:30), 일(12:00)","월,목,일",1999-06-01,,37.512828,126.910704,2024-12-03,3180000,서울특별시 영등포구
11,335,한국기독교복지협회,서울특별시 영등포구 신길로 245,서울특별시 영등포구 영등포동 602-5,밥사랑열린공동체,,실내/실외,노숙인,09:50(중식)/20:00(석식),"매일 급식(토요일제외)/ 중식, 석식",2001-12-01,,37.51379932,126.910905,2024-12-03,3180000,서울특별시 영등포구
12,336,광야교회,서울특별시 영등포구 경인로100길 3,서울특별시 영등포구 영등포본동 423-37,광야교회,2636-3373,실내,노숙인,11:30(중식) / 17:00(석식),"매일 급식/ 중식, 석식",1988-04-01,,37.515416,126.9052536,2024-12-03,3180000,서울특별시 영등포구
13,337,토마스의집,서울특별시 영등포구 경인로 828-1,서울특별시 영등포구 영등포동 423-113,토마스의집,2672-1004,실내,노숙인,11:00-13:00,월화수금토 급식/중식,1986-05-01,,37.515611,126.9050503,2024-12-03,3180000,서울특별시 영등포구
14,341,역삼노인복지센터,서울특별시 강남구 도곡로 27길 27,서울특별시 강남구 역삼동 781-34,역삼노인복지센터,02-501-5674,역삼노인복지센터,만60세이상 결식우려가 있는 강남구 거주 저소득 어르신,중식(11:30~12:30),월+화+수+목+금,,,37.49453859,127.0418311,2025-02-16,3220000,서울특별시 강남구
15,342,논현노인종합복지관,서울특별시 강남구 강남대로128길 59,서울특별시 강남구 논현동 125-13,논현노인종합복지관,02-541-0227,논현노인종합복지관,만60세이상 결식우려가 있는 강남구 거주 저소득 어르신,중식(11:30~12:50),월+화+수+목+금,,,37.51206587,127.0260872,2025-02-16,3220000,서울특별시 강남구
16,357,양천어르신종합복지관 경로식당,서울특별시 양천구 목동로3길 106 (신정동),서울특별시 양천구 신정동 325-3,양천어르신종합복지관,02-2649-8815,양천어르신종합복지관,저소득 결식우려 어르신,중식(11:30-13:00),월+화+수+목+금+토,2023-01-01,2023-12-31,37.510405,126.858621,2024-12-12,3140000,서울특별시 양천구
17,358,서서울어르신복지관 경로식당,서울특별시 양천구 가로공원 60가길 16,서울특별시 양천구 신월동 158-4,서서울어르신복지관,02-2608-4042,서서울어르신복지관,저소득 결식우려 어르신,중식(11:30-13:00),월+화+수+목+금+토,2023-01-01,2023-12-31,37.534261,126.826635,2024-12-12,3140000,서울특별시 양천구
18,359,신목종합사회복지관 경로식당,서울특별시 양천구 신목로 5 (신정동),서울특별시 양천구 신정동 1278-1,신목종합사회복지관,02-2643-7222,신목종합사회복지관,저소득 결식우려 어르신,중식(11:30-13:00),월+화+수+목+금+토,2023-01-01,2023-12-31,37.51722556,126.8764675,2024-12-12,3140000,서울특별시 양천구
19,360,신목종합사회복지관(별관)  경로식당,서울특별시 양천구 목동남로 4길 6-46 목동2차 우성A 관리사무소 지하 1층,서울특별시 양천구 신정동 1279-1,신목종합사회복지관(별관),02-2223-8825,신목종합사회복지관(별관),저소득 결식우려 어르신,중식(11:30-13:00),월+화+수+목+금+토,2023-01-01,2023-12-31,37.518426,126.876286,2024-12-12,3140000,서울특별시 양천구
20,361,한빛종합사회복지관 경로식당,서울특별시 양천구 신월로11길 16 (신월동),서울특별시 양천구 신월동 540-1,한빛종합사회복지관,02-2690-8762,한빛종합사회복지관,저소득 결식우려 어르신,중식(11:30-13:00),월+화+수+목+금+토,2023-01-01,2023-12-31,37.519038,126.840216,2024-12-12,3140000,서울특별시 양천구
21,362,신정종합사회복지관 경로식당,서울특별시 양천구 신정중앙로 36 (신정동),서울특별시 양천구 신정동 916-6,신정종합사회복지관,02-2603-1792,신정종합사회복지관,저소득 결식우려 어르신,중식(11:30-13:00),월+화+수+목+금+토,2023-01-01,2023-12-31,37.52730285,126.8555308,2024-12-12,3140000,서울특별시 양천구
22,363,목동종합사회복지관 경로식당,서울특별시 양천구 목동중앙북로8길 104 (목동),서울특별시 양천구 목동 552-1,목동종합사회복지관,02-2651-2332,목동종합사회복지관,저소득 결식우려 어르신,중식(11:30-13:00),월+화+수+목+금+토,2023-01-01,2023-12-31,37.544242,126.866384,2024-12-12,3140000,서울특별시 양천구
23,366,강남노인종합복지관,서울특별시 강남구 삼성로 628,서울특별시 강남구 삼성동 66,강남노인종합복지관,02-549-7070,강남노인종합복지관,만60세이상 결식우려가 있는 강남구 거주 저소득 어르신,중식(11:30~13:00),월+화+수+목+금,,,37.51590994,127.0521409,2025-02-16,3220000,서울특별시 강남구
24,367,개포경로당,서울특별시 강남구 선릉로12길 12,서울특별시 강남구 개포동 169-3,사회복지법인 영산,02-565-3857,개포경로당,만60세이상 결식우려가 있는 강남구 거주 저소득 어르신,중식(11:30~12:30),월+화+수+목+금,,,37.48370379,127.0608923,2025-02-16,3220000,서울특별시 강남구
25,368,대치1단지(일원2) 경로당,서울특별시 강남구 개포로109길 5,서울특별시 강남구 개포동 12,사회복지법인 영산,02-565-3857,대치1단지(개포3) 경로당,만60세이상 결식우려가 있는 강남구 거주 저소득 어르신,중식(11:30~12:30),월+화+수+목+금,,,37.4923312,127.0745908,2025-02-16,3220000,서울특별시 강남구
26,369,대청경로당,서울특별시 강남구 개포로124길 24,서울특별시 강남구 일원동 621,사회복지법인 영산,02-565-3857,대청경로당,만60세이상 결식우려가 있는 강남구 거주 저소득 어르신,중식(11:30~12:30),월+화+수+목+금,,,37.49319777,127.0830002,2025-02-16,3220000,서울특별시 강남구
27,370,세곡리엔파크4단지 경로당,서울특별시 강남구 헌릉로590길 88,서울특별시 강남구 세곡동 522,사회복지법인 영산,02-565-3857,세곡리엔파크4단지 경로당,만60세이상 결식우려가 있는 강남구 거주 저소득 어르신,중식(11:30~12:30),월+화+수+목+금,,,37.46287702,127.1014455,2025-02-16,3220000,서울특별시 강남구
28,371,대청종합사회복지관,서울특별시 강남구 양재대로55길 10,서울특별시 강남구 일원동 711,대청종합사회복지관,02-459-6332,대청종합사회복지관,만60세이상 결식우려가 있는 강남구 거주 저소득 어르신,중식(11:00~12:00),월+화+수+목+금,,,37.49315584,127.0909926,2025-02-16,3220000,서울특별시 강남구
29,372,수서종합사회복지관,서울특별시 강남구 광평로56길 11,서울특별시 강남구 수서동 723,수서종합사회복지관,02-451-7244,수서종합사회복지관,만60세이상 결식우려가 있는 강남구 거주 저소득 어르신,중식(11:30~12:30),월+화+수+목+금,,,37.48797908,127.1056314,2025-02-16,3220000,서울특별시 강남구
30,373,수서명화종합사회복지관,서울특별시 강남구 광평로51길 49,서울특별시 강남구 수서동 707,수서명화종합사회복지관,02-459-2696,수서명화종합사회복지관,만60세이상 결식우려가 있는 강남구 거주 저소득 어르신,중식(11:30~12:30),월+화+수+목+금,,,37.49213604,127.0997527,2025-02-16,3220000,서울특별시 강남구
31,374,강남시니어플라자,서울특별시 강남구 봉은사로 332,서울특별시 강남구 역삼동 682-8,강남시니어플라자,02-558-9888,강남시니어플라자,만60세이상 결식우려가 있는 강남구 거주 저소득 어르신,중식(11:30~13:00),월+화+수+목+금,,,37.50978671,127.0432194,2025-02-16,3220000,서울특별시 강남구
32,386,강서구립봉제산어르신복지센터,서울특별시 강서구 초록마을로15길 12,서울특별시 강서구 화곡동 산41-16,강서구립봉제산어르신복지센터,02-2605-1553,강서구립봉제산어르신복지센터,기초생활수급자 등 결식 우려가 있는 60세 이상 저소득 어르신,중식(11:30-12:30),월+화+수+목+금+토,2011-01-26,,37.54152453,126.8514084,2025-02-11,3150000,서울특별시 강서구
33,387,강서구립곰달래어르신복지센터,서울특별시 강서구 강서로5길 50,서울특별시 강서구 화곡동 890,강서구립곰달래어르신복지센터,02-2699-8264,강서구립곰달래어르신복지센터,기초생활수급자 등 결식 우려가 있는 60세 이상 저소득 어르신,중식(11:30-13:00),월+화+수+목+금+토,2013-08-12,,37.52905997,126.8488982,2025-02-11,3150000,서울특별시 강서구
34,415,서초구립 양재노인종합복지관,서울특별시 서초구 강남대로30길 73-7,서울특별시 서초구 양재동 7-44,양재노인종합복지관,02-578-1515,지하 1층 식당,선정 기준에 부합하는 만60세 이상 어르신,11:30-13:00,월+화+수+목+금,2024-01-01,2024-12-31,37.48302001,127.040816,2024-07-26,3210000,서울특별시 서초구
35,416,방배노인종합복지관,서울특별시 서초구 방배천로 48,서울특별시 서초구 방배동 455-11,방배노인종합복지관,02-581-7992,지하 1층 식당,선정 기준에 부합하는 만60세 이상 어르신,11:30-13:00,월+화+수+목+금,2024-01-01,2024-12-31,37.48076743,126.982713,2024-07-26,3210000,서울특별시 서초구
36,417,서초구립 중앙노인종합복지관,서울특별시 서초구 서초대로54길 45,서울특별시 서초구 서초동 1666-17,중앙노인종합복지관,02-3474-6080,2층 식당,선정 기준에 부합하는 만60세 이상 어르신,11:30-13:00,월+화+수+목+금,2024-01-01,2024-12-31,37.49232427,127.016811,2024-07-26,3210000,서울특별시 서초구
37,418,서초구립 양재종합사회복지관,서울특별시 서초구 남부순환로 2610,서울특별시 서초구 양재동 11-13,양재종합사회복지관,02-579-4782,지하 1층 식당,선정 기준에 부합하는 만60세 이상 어르신,11:30-13:00,월+화+수+목+금,2024-01-01,2024-12-31,37.48452702,127.036143,2024-07-26,3210000,서울특별시 서초구
38,419,우면종합사회복지관,서울특별시 서초구 바우뫼로7길 11,서울특별시 서초구 우면동 63,우면종합사회복지관,02-577-6321,2층 식당,선정 기준에 부합하는 만60세 이상 어르신,11:30-13:00,월+화+수+목+금,2024-01-01,2024-12-31,37.4698618,127.023866,2024-07-26,3210000,서울특별시 서초구
39,464,서울노인복지센터,서울특별시 종로구 삼일대로 467(경운동),,서울노인복지센터,02-6220-8500,서울노인복지센터,60세이상 가정형편이 어렵거나 부득이한 사정으로 식사를 거를 우려가 있는 어르신,중식(12:00-13:00),월+화+수+목+금+토,2001-04-01,2050-12-31,37.57596678,126.985832,2024-08-05,3000000,서울특별시 종로구
40,465,사회복지법인 명휘원,서울특별시 종로구 종로11길 9-20(인사동),,사회복지법인 명휘원,02-739-9300,사회복지법인 명휘원,60세이상 가정형편이 어렵거나 부득이한 사정으로 식사를 거를 우려가 있는 어르신,중식(12:00-13:00),월+화+수+목+금+토,2013-04-01,2050-12-31,37.57103284,126.985027,2024-08-05,3000000,서울특별시 종로구
41,483,가양5종합사회복지관,서울특별시 강서구 양천로57길 36,서울특별시 강서구 가양동 1481,가양5종합사회복지관,02-2668-4603,가양5종합사회복지관,기초생활수급자 등 결식 우려가 있는 60세 이상 저소득 어르신,중식(11:30-12:30),월+화+수+목+금+토,1992-10-27,,37.56462738,126.8535196,2025-02-11,3150000,서울특별시 강서구
42,484,가양7종합사회복지관,서울특별시 강서구 허준로 209,서울특별시 강서구 가양동 1486,가양7종합사회복지관,02-2668-8600,가양7종합사회복지관,기초생활수급자 등 결식 우려가 있는 60세 이상 저소득 어르신,중식(11:20-12:30),월+화+수+목+금+토,1997-01-31,,37.56173727,126.861591,2025-02-11,3150000,서울특별시 강서구
43,485,방화2종합사회복지관,서울특별시 강서구 방화대로48길 40,서울특별시 강서구 방화3동 839,방화2종합사회복지관,02-2662-6661,방화2종합사회복지관,기초생활수급자 등 결식 우려가 있는 60세 이상 저소득 어르신,중식(11:15-12:15),월+화+수+목+금+토,1993-11-01,,37.57424491,126.8201677,2025-02-11,3150000,서울특별시 강서구
44,486,방화6종합사회복지관,서울특별시 강서구 금낭화로23길 25,서울특별시 강서구 방화3동 816,방화6종합사회복지관,02-2666-6181,방화6종합사회복지관,기초생활수급자 등 결식 우려가 있는 60세 이상 저소득 어르신,중식(11:00-12:00),월+화+수+목+금+토,1994-10-01,,37.57813762,126.8112059,2025-02-11,3150000,서울특별시 강서구
45,487,방화11종합사회복지관,서울특별시 강서구 개화동로21길 4,서울특별시 강서구 방화동 851,방화11종합사회복지관,02-2661-0670,방화11종합사회복지관,기초생활수급자 등 결식 우려가 있는 60세 이상 저소득 어르신,중식(11:00-12:00),월+화+수+목+금+토,1994-06-28,,37.57071896,126.8057278,2025-02-11,3150000,서울특별시 강서구
46,488,발산어르신행복센터,서울특별시 강서구 강서로47길 72,서울특별시 강서구 내발산동 686-8,가양5종합사회복지관,02-2663-4603,발산어르신행복센터,기초생활수급자 등 결식 우려가 있는 60세 이상 저소득 어르신,중식(11:20-12:20),월+화+수+목+금+토,2004-12-01,,37.5531514,126.832262,2025-02-11,3150000,서울특별시 강서구
47,489,서울시립강서노인종합복지관,서울특별시 강서구 화곡로61길 85,서울특별시 강서구 등촌동 661-4,서울시립강서노인종합복지관,070-7090-5464,서울시립강서노인종합복지관,기초생활수급자 등 결식 우려가 있는 60세 이상 저소득 어르신,중식(11:30-13:00),월+화+수+목+금+토,1999-09-01,,37.55812319,126.8475501,2025-02-11,3150000,서울특별시 강서구
48,520,참좋은친구들,서울특별시 중구 청파로427,서울특별시 중구 중림동 128-109,참좋은친구들,,1층식당,노숙인,중식(11:00~12:00)+석식(18:00~19:00),화+수+목+금+일,2014-11-01,2024-07-26,,,2024-11-21,3010000,서울특별시 중구
49,526,등촌1종합사회복지관,서울특별시 강서구 강서로68길 36,서울특별시 강서구 등촌동 687,등촌1종합사회복지관,02-2658-1010,등촌1종합사회복지관,기초생활수급자 등 결식 우려가 있는 60세 이상 저소득 어르신,중식(11:10-12:30),월+화+수+목+금+토,1994-10-21,,37.56538547,126.8422562,2025-02-11,3150000,서울특별시 강서구
50,527,등촌4종합사회복지관,서울특별시 강서구 공항대로39길 59,서울특별시 강서구 등촌동 690,등촌4종합사회복지관,02-2658-8800,등촌4종합사회복지관,기초생활수급자 등 결식 우려가 있는 60세 이상 저소득 어르신,중식(11:15-12:15),월+화+수+목+금+토,1995-06-08,,37.56225807,126.8428966,2025-02-11,3150000,서울특별시 강서구
51,528,등촌7종합사회복지관,서울특별시 강서구 공항대로43길 104,서울특별시 강서구 등촌3동 707,등촌7종합사회복지관,02-2658-6521,등촌7종합사회복지관,기초생활수급자 등 결식 우려가 있는 60세 이상 저소득 어르신,중식(11:20-12:00),월+화+수+목+금+토,1995-05-22,,37.56023933,126.8516942,2025-02-11,3150000,서울특별시 강서구
52,529,등촌9종합사회복지관,서울특별시 강서구 화곡로63가길 92,서울특별시 강서구 등촌3동 704,등촌9종합사회복지관,02-2658-3330,등촌9종합사회복지관,기초생활수급자 등 결식 우려가 있는 60세 이상 저소득 어르신,중식(11:00-12:00),월+화+수+목+금+토,1994-11-02,,37.56195043,126.8502089,2025-02-11,3150000,서울특별시 강서구
53,530,가양4종합사회복지관,서울특별시 강서구 양천로57길 37,서울특별시 강서구 가양동 1478,가양4종합사회복지관,02-2668-1231,가양4종합사회복지관,기초생활수급자 등 결식 우려가 있는 60세 이상 저소득 어르신,중식(11:00-12:30),월+화+수+목+금+토,1996-01-02,,37.56593157,126.8520708,2025-02-11,3150000,서울특별시 강서구
54,554,사랑나눔에덴복지,서울특별시 송파구 마천로 204,서울특별시 송파구 오금동 133-16,에덴교회,02-423-4653,시설내,독거노인+노숙자+장애인,조식+중식+석식,월+화+수+목+금+일,2008-03-28,,,,2022-12-15,3230000,서울특별시 송파구
55,624,삼양동종합복지센터,서울특별시 강북구 삼양로 47길 9,,재대한구세군유지재단법인,02-945-1305,삼양동종합복지센터,기초생활수급자+차상위 계층+저소득 독거어르신,중식(11:30-12:30),월+화+수+목+금+토,,,37.622945,127.0185329,2024-08-30,3080000,서울특별시 강북구
56,625,운가자비원,서울특별시 강북구 삼양로 112길 5,,운가자비원,02-903-6940,운가자비원,기초생활수급자+차상위 계층+저소득 독거어르신,중식(11:30-12:10),월+화+수+목+금+토,,,37.642583,127.016831,2024-08-30,3080000,서울특별시 강북구
57,626,서울특별시농아인협회강북구지부,서울특별시 강북구 한천로 131길 7,,서울농아인협회,02-990-0872,서울특별시농아인협회강북구지부,기초생활수급자+차상위 계층+저소득 독거어르신,중식(12:00-13:00),월+화+수+목+금+토,,,37.6386492,127.0278887,2024-08-30,3080000,서울특별시 강북구
58,627,e한우리 봉사회,서울특별시 강북구 한천로 150길 12,,사회법인 e한우리봉사회,02-991-7909,e한우리 봉사회,기초생활수급자+차상위 계층+저소득 독거어르신,중식(12:00-13:00),월+화+수+목+금+토,,,37.643259,127.023371,2024-08-30,3080000,서울특별시 강북구
59,628,아현노인복지센터,서울특별시 마포구 마포대로 26길 19,서울특별시 마포구 아현동 733-14,사회복지법인 연꽃마을,02-365-3677,경로식당+식사배달,수급자+차상위+기타저소득,중식(11:30~12:30),월+화+수+목+금,2017-01-01,2024-12-31,37.55498128,126.9587653,2024-09-12,3130000,서울특별시 마포구
60,629,이대성산종합사회복지관,서울특별시 마포구 월드컵로 215,서울특별시 마포구 성산동 595,이화여자대학교,02-374-9556,경로식당+식사배달+밑반찬배달,수급자+차상위+기타저소득,중식(11:30~13:00),월+화+수+목+금,2017-01-01,2024-12-31,37.5655,126.9003702,2024-09-12,3130000,서울특별시 마포구
61,630,시립마포노인종합복지관,서울특별시 마포구 서강로 68,서울특별시 마포구 창전동 140,이랜드복지재단,02-333-1040,경로식당+식사배달,수급자+차상위+기타저소득,중식(11:15~13:00),월+화+수+목+금,2017-01-01,2024-12-31,37.5489226,126.9322146,2024-09-12,3130000,서울특별시 마포구
62,631,우리마포복지관,서울특별시 마포구 신촌로 26길 10,서울특별시 마포구 노고산동 1-50,사회복지법인 기아대책,02-358-1000,경로식당,수급자+차상위+기타저소득,중식(11:30~13:00),월+화+수+목+금,2017-01-01,2024-12-31,37.555841,126.942391,2024-09-12,3130000,서울특별시 마포구
63,632,아현실버복지관,서울특별시 마포구 환일길3,서울특별시 마포구 아현동 710,사회복지법인 행복복지재단,02-312-2161,경로식당+밑반찬배달,수급자+차상위+기타저소득,중식(11:20~12:30),월+화+수+목+금,2017-01-01,2024-12-31,37.55746063,126.9603136,2024-09-12,3130000,서울특별시 마포구
64,633,마포노인복지센터,서울특별시 마포구 만리재옛12길 6-2,서울특별시 마포구 공덕동 26-12,기독교대한감리회 사회복지재단,02-365-7775,밑반찬배달,수급자+차상위+기타저소득,배달만 운영,월+화+수+목+금,2017-01-01,2024-12-31,37.5497723,126.959431,2024-09-12,3130000,서울특별시 마포구
65,634,보사노인복지센터,서울특별시 마포구 성미산로 29안길 30 (2층),서울특별시 마포구 연남동 223-91,사단법인 보사동우회,02-3273-6692,밑반찬배달,수급자+차상위+기타저소득,배달만 운영,월+화+수+목+금,2017-01-01,2024-12-31,37.56558779,126.923762,2024-09-12,3130000,서울특별시 마포구
66,635,마포어르신돌봄통합센터,"서울특별시 마포구 마포대로 11길 44-81 (아현동, 2층)",서울특별시 마포구 아현동 770,사회복지법인 상진복지재단,02-325-3850,식사배달+밑반찬배달,수급자+차상위+기타저소득,배달만 운영,월+화+수+목+금,2017-01-01,2024-12-31,37.55212686,126.9512971,2024-09-12,3130000,서울특별시 마포구
67,636,용강노인복지관,서울특별시 마포구 토정로 31길 31,서울특별시 마포구 용강동 504,대한노인회 마포구지회 기독교대한감리회 사회복지재단,02-707-1006,경로식당+밑반찬배달,수급자+차상위+기타저소득,중식(11:30~13:00),월+화+수+목+금,2017-01-01,2024-12-31,37.54232552,126.9428348,2024-09-12,3130000,서울특별시 마포구
68,637,신생명나무교회,서울특별시 마포구 고산18길 10,서울특별시 마포구 대흥동 18-30,(사)해돋는마을,02-742-2970,경로식당,수급자+차상위+기타저소득,중식(11:30~13:00),월+화+수+목+금,2017-01-01,2024-12-31,37.5539134,126.9451634,2024-09-12,3130000,서울특별시 마포구
69,638,염리종합사회복지관,서울특별시 마포구 대흥로 24길 50,서울특별시 마포구 염리동 14-11,사회복지법인 대한사회복지회,02-3276-1800,경로식당,수급자+차상위+기타저소득,중식(11:30~13:00),월+화+수+목+금,2017-01-01,2024-12-31,37.55463836,126.9487477,2024-09-12,3130000,서울특별시 마포구
70,639,사랑의전화종합사회복지관,서울특별시 마포구 만리재로 29,서울특별시 마포구 신공덕동 15-66,사랑의전화 복지재단,02-6371-1054,경로식당+식사배달+밑반찬배달,수급자+차상위+기타저소득,중식(11:30~13:00),월+화+수+목+금,2017-01-01,2024-12-31,37.54477493,126.9545585,2024-09-12,3130000,서울특별시 마포구
71,663,번동3단지종합사회복지관,서울특별시 강북구 오현로208,,기독교 대한성결교회,02-984-6777,번동3단지종합사회복지관,기초생활수급자+차상위 계층+저소득 독거어르신,중식(11:30-12:30),월+화+수+목+금+토,,,37.6296739,127.0411557,2024-08-30,3080000,서울특별시 강북구
72,664,번동5단지종합사회복지관,서울특별시 강북구 한천로115길 20,,사회복지법인 혜명복지원,02-981-5077,번동5단지종합사회복지관,기초생활수급자+차상위 계층+저소득 독거어르신,중식(11:30-12:00),월+화+수+목+금+토,,,37.63314995,127.0339148,2024-08-30,3080000,서울특별시 강북구
73,665,구세군강북종합사회복지관,서울특별시 강북구 인수봉로 20가길 24,,재대한구세군유지재단법인,02-984-5811,구세군강북종합사회복지관,기초생활수급자+차상위 계층+저소득 독거어르신,중식(11:00-12:00),월+화+수+목+금+토,,,37.625687,127.013394,2024-08-30,3080000,서울특별시 강북구
74,666,번동2단지종합사회복지관,서울특별시 강북구 한천로 105길 24,,사회복지법인 원불교 삼동회,02-987-5078,번동2단지종합사회복지관,기초생활수급자+차상위 계층+저소득 독거어르신,중식(11:30-12:00),월+화+수+목+금+토,,,37.62760841,127.0448051,2024-08-30,3080000,서울특별시 강북구
75,667,자비의 집,서울특별시 강북구 도봉로29길 90,,자비의집,02-945-4200,자비의 집,기초생활수급자+차상위 계층+저소득 독거어르신,중식(11:30-12:30),월+화+수+목+금+토,,,37.6203381,127.023387,2024-08-30,3080000,서울특별시 강북구
76,668,강북장애인종합복지관,서울특별시 강북구 오현로 189,,대한불교 조계종 사회복지재단,02-989-4218,강북장애인종합복지관,기초생활수급자+차상위 계층+저소득 독거어르신,중식(11:40-13:00),월+화+수+목+금+토,,,37.628764,127.039059,2024-08-30,3080000,서울특별시 강북구
77,669,시립강북노인종합복지관,서울특별시 강북구 삼양로 92길 40,,대한불교 천태종 복지재단,02-999-9179,시립강북노인종합복지관,기초생활수급자+차상위 계층+저소득 독거어르신,중식(11:00-12:30),월+화+수+목+금+토,,,37.635688,127.018757,2024-08-30,3080000,서울특별시 강북구
78,721,서울시특별시지체장애인협회 성북구지회,서울특별시 성북구 화랑로13길 100,서울특별시 성북구 하월곡동 산2-1,서울시특별시지체장애인협회 성북구지회,02-914-2070,관내식당,성북구 거주 저소득 장애인,11:30-13:00,월+화+수+목+금,2025-01-01,2025-12-31,,,2025-02-27,3070000,서울특별시 성북구
79,722,한국교통장애인협회 성북구지회,서울특별시 성북구 동소문로 185,서울특별시 성북구 돈암동 48-24,한국교통장애인협회 성북구지회,,관내식당,성북구 거주 저소득 장애인,11:30-13:00,월+화+수+목+금,2025-01-01,2025-12-31,,,2025-02-27,3070000,서울특별시 성북구
80,764,성북장애인단체연합회,서울특별시 성북구 오패산로3길 95,서울특별시 성북구 하월곡동 70-123,성북장애인단체연합회,02-942-7976,관내식당,성북구 거주 저소득 장애인,11:30-13:00,월+화+수+목+금,2025-01-01,2025-12-31,,,2025-02-27,3070000,서울특별시 성북구
81,765,강동종합사회복지관,서울특별시 강동구 진황도로23길 7,서울특별시 강동구 천호3동 555,강동종합사회복지관,02-0475-4585,강동종합사회복지관,60세 이상의 결식노인,중식(11:30-12:30),월+화+수+목+금,2000-03-01,,37.54004284,127.1297914,2023-08-31,3240000,서울특별시 강동구
82,766,명성복지재단 가나안의 집,서울특별시 강동구 천중로35길 73-7,서울특별시 강동구 천호1동 77-1,명성복지재단 가나안의 집,02-0474-6900,명성복지재단 가나안의 집,60세 이상의 결식노인,중식(11:30-12:30),월+화+수+목+금,2004-06-01,,37.54459763,127.1379691,2023-08-31,3240000,서울특별시 강동구
83,767,해공노인복지관,서울특별시 강동구 천중로17길 42-16,서울특별시 강동구 천호2동 302-4,해공노인복지관,02-0478-0601,해공노인복지관,60세 이상의 결식노인,중식(11:30-12:30),월+화+수+목+금,2011-09-01,,37.54620984,127.1317001,2023-08-31,3240000,서울특별시 강동구
84,789,월곡종합사회복지관,서울특별시 성북구 오패산로16길 23,서울특별시 성북구 하월곡동 222-5,월곡종합사회복지관,02-911-5511,경로식당,60세이상 저소득어르신,11:20-12:40,월+화+수+목+금,2025-01-01,2025-12-31,,,2025-02-27,3070000,서울특별시 성북구
85,790,대방종합사회복지관,서울특별시 동작구 여의대방로44길 47,서울특별시 동작구 대방동 503,대방종합사회복지관,02-826-2900,대방종합사회복지관,만60세 이상 결식우려가 있는 저소득 어르신,중식(11:30~12:30),월+화+수+목+금+토,2020-01-01,2021-12-31,37.5099255,126.9304271,2024-04-05,3190000,서울특별시 동작구
86,791,사당어르신종합복지관,서울특별시 동작구 남부순환로2081,서울특별시 동작구 사당동 1044-42,사당노인종합복지관,02-580-2403,사당어르신종합복지관,만60세 이상 결식우려가 있는 저소득 어르신,중식(11:30~12:50),월+화+수+목+금,2020-01-01,2021-12-31,37.47701786,126.9798536,2024-04-05,3190000,서울특별시 동작구
87,792,상도은빛어르신복지관,서울특별시 동작구 매봉로36,서울특별시 동작구 상도1동 535,상도은빛어르신복지관,02-826-9723,상도은빛어르신복지관,만60세 이상 결식우려가 있는 저소득 어르신,중식(11:30~12:50),월+화+수+목+금,2020-01-01,2021-12-31,37.50645811,126.9513899,2024-04-05,3190000,서울특별시 동작구
88,813,신내종합사회복지관,서울특별시 중랑구 봉화산로 153,서울특별시 중랑구 상봉동 481,사단복지법인애원복지재단,02-3421-3400,신내종합사회복지관,60세 이상 결식 우려 저소득 어르신,중식(12:00-13:00),월+화+수+목+금,1997-02-01,,37.60581862,127.0916098,2024-06-17,3060000,서울특별시 중랑구
89,814,시립대종합사회복지관,서울특별시 중랑구 신내로 115,서울특별시 중랑구 신내동 660,서울시립대학교,02-3421-1988,시립대종합사회복지관,60세 이상 결식 우려 저소득 어르신,중식(11:30-12:30),월+화+수+목+금,2017-01-02,,37.60929753,127.0949042,2024-06-17,3060000,서울특별시 중랑구
90,815,시립중랑노인종합복지관,서울특별시 중랑구 겸재로 9길 45,서울특별시 중랑구 면목동 178-8,사회복지법인 이랜드,02-493-9966,시립중랑노인종합복지관,60세 이상 결식 우려 저소득 어르신,중식(11:30-12:30),월+화+수+목+금+토,1999-12-01,,37.58843496,127.0778419,2024-06-17,3060000,서울특별시 중랑구
91,816,면목종합사회복지관,서울특별시 중랑구 용마산로 228,서울특별시 중랑구 면목동 1382,사회복지법인자광재단,02-436-0500,면목종합사회복지관,60세 이상 결식 우려 저소득 어르신,중식(11:30-12:30),월+화+수+목+금+토,1992-10-01,,37.57416749,127.0883012,2024-06-17,3060000,서울특별시 중랑구
92,817,용마경로복지센터,서울특별시 중랑구 용마산로94길 98,서울특별시 중랑구 면목동 27,신망애 복지재단,02-435-0842,용마경로복지센터,60세 이상 결식 우려 저소득 어르신,중식(11:30-13:00),월+화+수+목+금,2019-07-01,,37.58739985,127.1018199,2024-06-17,3060000,서울특별시 중랑구
93,821,신사노인복지관,서울특별시 은평구 증산로15길47,서울특별시 은평구 신사2동163-13,신사노인복지관,02-302-0303,신사노인복지관경로식당,만 60세이상 저소득어르신,중식(11:00-13:00),월+화+수+목+금+토,,,37.59035031,126.908289,2021-08-01,3110000,서울특별시 은평구
94,822,불광노인복지관,서울특별시 은평구 연서로32길17-11,서울특별시 은평구 불광1동339-13,불광노인복지관,02-385-3222,불광노인복지관경로식당,만 60세이상 저소득어르신,중식(11:00-13:00),월+화+수+목+금+토,,,37.61941254,126.9249009,2021-08-01,3110000,서울특별시 은평구
95,823,대조노인복지관,서울특별시 은평구 역말로9길 27,서울특별시 은평구 대조동 208-11,대조노인복지관,02-6951-1172,대조노인복지관경로식당,만 60세이상 저소득어르신,중식(11:00-13:00),월+화+수+목+금+토,,,37.61345215,126.9220484,2021-08-01,3110000,서울특별시 은평구
96,824,신사종합사회복지관,서울특별시 은평구 은평로38,서울특별시 은평구 신사동26-18,신사종합사회복지관,02-376-4141,신사종합사회복지관경로식당,만 60세이상 저소득어르신,중식(11:00-13:00),월+화+수+목+금+토,,,37.59815825,126.9121456,2021-08-01,3110000,서울특별시 은평구
97,825,녹번종합사회복지관,서울특별시 은평구 은평로21길14-26,서울특별시 은평구 녹번동산28-6,녹번종합사회복지관,02-388-6341,녹번종합사회복지관경로식당,만 60세이상 저소득어르신,중식(11:00-13:00),월+화+수+목+금+토,,,37.60254229,126.9318785,2021-08-01,3110000,서울특별시 은평구
98,826,은평종합사회복지관,서울특별시 은평구 은평터널로48,서울특별시 은평구 수색8-15,은평종합사회복지관,02-307-1181,은평종합사회복지관경로식당,만 60세이상 저소득어르신,중식(11:00-13:00),월+화+수+목+금+토,,,37.58510959,126.8992597,2021-08-01,3110000,서울특별시 은평구
99,838,성북시각장애인복지관,서울특별시 성북구 동소문로25가길 20,서울특별시 성북구 동선동4가 279-1,성북시각장애인복지관,02-923-4555,경로식당,60세이상 저소득어르신,11:30-13:00,월+화+수+목+금,2025-01-01,2025-12-31,,,2025-02-27,3070000,서울특별시 성북구
100,846,상도종합사회복지관,서울특별시 동작구 상도로39가길 7,서울특별시 동작구 상도1동 456,상도종합사회복지관,02-824-6011,상도종합사회복지관,만60세 이상 결식우려가 있는 저소득 어르신,중식(11:00~12:00),월+화+수+목+금+토,2020-01-01,2021-12-31,37.50249656,126.9496599,2024-04-05,3190000,서울특별시 동작구
101,847,본동종합사회복지관,서울특별시 동작구 노량진로32길 79,서울특별시 동작구 본동 16-3,본동종합사회복지관,02-817-8052,본동종합사회복지관,만60세 이상 결식우려가 있는 저소득 어르신,중식(11:00~12:00),월+화+수+목+금+토,2020-01-01,2021-12-31,37.51053278,126.9568887,2024-04-05,3190000,서울특별시 동작구
102,848,동작이수사회복지관,서울특별시 동작구 동작대로35차길 7,서울특별시 동작구 사당동 52-3,동작이수사회복지관,02-592-3721,동작이수사회복지관,만60세 이상 결식우려가 있는 저소득 어르신,중식(11:00~12:00),월+화+수+목+금+토,2020-01-01,2021-12-31,37.49312014,126.9768776,2024-04-05,3190000,서울특별시 동작구
103,849,사당종합사회복지관,서울특별시 동작구 사당로14길 20,서울특별시 동작구 사당동 268-6,사당종합사회복지관,02-597-3710,사당종합사회복지관,만60세 이상 결식우려가 있는 저소득 어르신,중식(11:20~12:30),월+화+수+목+금+토,2020-01-01,2021-12-31,37.48327274,126.9714535,2024-04-05,3190000,서울특별시 동작구
104,850,동작종합사회복지관,서울특별시 동작구 등용로47,서울특별시 동작구 대방동 5-1,동작종합사회복지관,02-814-8114,동작종합사회복지관,만60세 이상 결식우려가 있는 저소득 어르신,중식(11:00~12:00),월+화+수+목+금+토,2020-01-01,2021-12-31,37.50571412,126.9334168,2024-04-05,3190000,서울특별시 동작구
105,863,서대문종합사회복지관,서울특별시 서대문구 모래내로 177 (남가좌동),서울특별시 서대문구 남가좌동 115-63,서대문종합사회복지관,,서대문종합사회복지관,저소득어르신,10:30~12:00,경로식당(월+화+수+목+금+토)+식사배달(월+화+수+목+금+토+일)+밑반찬배달(화+목),,,37.5714004,126.9200551,2022-08-01,3120000,서울특별시 서대문구
106,864,홍은종합사회복지관,서울특별시 서대문구 세검정로1길 116 (홍은동),서울특별시 서대문구 홍은동 48-20,홍은종합사회복지관,,홍은종합사회복지관,저소득어르신,10:30~12:00,경로식당(월+화+수+목+금+토)+식사배달(월+화+수+목+금+토+일)+밑반찬배달(월+목),,,37.5953267,126.9464065,2022-08-01,3120000,서울특별시 서대문구
107,865,이대종합사회복지관,서울특별시 서대문구 북아현로4마길 26-24 (북아현동),서울특별시 서대문구 북아현동 1-461,이대종합사회복지관,,대상자 가정(배달),저소득어르신,10:30~12:00,식사배달(월+화+수+목+금+토+일)+밑반찬배달(월+목),2000-05-01,,37.559447,126.9604714,2022-08-01,3120000,서울특별시 서대문구
108,866,연희노인여가복지시설,서울특별시 서대문구 홍제천로2길 111 (연희동),서울특별시 서대문구 연희동 519-127,연희노인여가복지시설,,연희노인여가복지시설,저소득어르신,10:30~12:00,경로식당(월+화+수+목+금+토)+식사배달(월+화+수+목+금+토+일),,,37.57224104,126.9235123,2022-08-01,3120000,서울특별시 서대문구
109,867,강동노인종합복지관,서울특별시 강동구 동남로71길 32-5,서울특별시 강동구 명일2동 48-10,강동노인종합복지관,02-0442-1026,강동노인종합복지관,60세 이상의 결식노인,중식(11:30-12:30),월+화+수+목+금,2003-07-01,,37.5522658,127.1546206,2023-08-31,3240000,서울특별시 강동구
110,871,동서울 중앙교회,서울특별시 중랑구 면목로 29길 37,서울특별시 중랑구 면목동 374-55,동서울중앙교회,02-494-7110,동서울 중앙교회,60세 이상 결식 우려 저소득 어르신,중식(11:30-12:30),월+화+수+목+금+토,2017-01-08,,37.57563305,127.0837108,2024-06-17,3060000,서울특별시 중랑구
111,872,사랑의 집,서울특별시 중랑구 송림길 91,서울특별시 중랑구 망우동 352-41,사랑의 집,02-495-2517,사랑의 집,60세 이상 결식 우려 저소득 어르신,중식(12:00-13:00),월+화+수+목+금,1996-10-01,,37.60403622,127.1026276,2024-06-17,3060000,서울특별시 중랑구
112,873,나눔의 집,서울특별시 중랑구 용마공원로 5가길 69-6,서울특별시 중랑구 망우동 423-35,사랑의나눔회,02-434-9345,나눔의 집,60세 이상 결식 우려 저소득 어르신,중식(12:00-13:00),월+화+수+목+금,1999-10-01,,37.59147426,127.1033393,2024-06-17,3060000,서울특별시 중랑구
113,874,구립중화경로복지관,서울특별시 중랑구 동일로 138길 28,서울특별시 중랑구 중화동 37-4,사회복지법인자광재단,02-436-1390,구립중화경로복지관,60세 이상 결식 우려 저소득 어르신,중식(11:00-12:00),월+화+수+목+금,2017-04-09,,37.60330431,127.0811539,2024-06-17,3060000,서울특별시 중랑구
114,875,구립신내노인종합복지관,서울특별시 중랑구 신내로 15길 175,서울특별시 중랑구 신내동 771-1,영안 복지재단,02-3421-4800,구립신내노인종합복지관,60세 이상 결식 우려 저소득 어르신,중식(11:30-13:00),월+화+수+목+금+토,2017-04-09,,37.61481251,127.0878892,2024-06-17,3060000,서울특별시 중랑구
115,876,유린원광종합사회복지관,서울특별시 중랑구 신내로 56,서울특별시 중랑구 신내동 572-2,사회복지법인유린보은동산,02-438-4011,유린원광종합사회복지관,60세 이상 결식 우려 저소득 어르신,중식(11:30-12:30),월+화+수+목+금,2017-02-04,,37.60447047,127.0959157,2024-06-17,3060000,서울특별시 중랑구
116,884,은평노인종합복지관,서울특별시 은평구 연서로 415,서울특별시 은평구 진관동156-6,은평노인종합복지관,02-385-1351,은평노인종합복지관경로식당,만 60세이상 저소득어르신,중식(11:00-13:00),월+화+수+목+금+토,,,37.63201412,126.9308177,2021-08-01,3110000,서울특별시 은평구
117,885,역촌노인복지관,서울특별시 은평구 연서로3나길11-30,서울특별시 은평구 역촌동67-9,역촌노인복지관,02-385-9500,역촌노인복지관경로식당,만 60세이상 저소득어르신,중식(11:00-13:00),월+화+수+목+금+토,,,37.60326215,126.911323,2021-08-01,3110000,서울특별시 은평구
118,886,갈현노인복지관,서울특별시 은평구 통일로89길12-6,서울특별시 은평구 갈현1동415-2,갈현노인복지관,02-357-2640,갈현노인복지관경로식당,만 60세이상 저소득어르신,중식(11:00-13:00),월+화+수+목+금+토,,,37.62495566,126.918626,2021-08-01,3110000,서울특별시 은평구
119,887,응암노인복지관,서울특별시 은평구 응암로21가길5-1,서울특별시 은평구 응암3동126-46,응암노인복지관,02-355-2997,응암노인복지관경로식당,만 60세이상 저소득어르신,중식(11:00-13:00),월+화+수+목+금+토,,,37.59453836,126.916808,2021-08-01,3110000,서울특별시 은평구
120,894,개웅교회,서울특별시 구로구 개봉로20길 91-10,서울특별시 구로구 개봉동 198-6,개웅교회,02-2614-3141,개웅교회 지층,노숙자  노인,11:30~12:30,화+일,2012-11-01,,,,2024-01-26,3160000,서울특별시 구로구
121,895,중국동포의집,서울특별시 구로구 남부순환로 1307,서울특별시 구로구 가리봉동 137-22,(사)지구촌사랑나눔,02-849-1188,중국동포교회 건물 1층,외국인  노인,12:00~13:00,월+화+수+목+금+토+일,2012-11-01,,,,2024-01-26,3160000,서울특별시 구로구
122,896,한국지체장애인협회 구로구지회,서울특별시 구로구 디지털로19길 24,서울특별시 구로구 가리봉동 131-26,한국지체장애인협회 구로지회,02-2682-7553,장애인연합회 건물 1층,장애인 노인,11:00~11:30,화+수+목,2007-01-01,,,,2024-01-26,3160000,서울특별시 구로구
123,897,한국곰두리복지회,,서울특별시 구로구 개봉동 416-2,한국곰두리복지회,02-2611-6260,고척로 25길 116 맞은편 컨테이너 급식소 1층,노인 저소득주민,12:00~13:00,화+금,2012-11-01,,,,2024-01-26,3160000,서울특별시 구로구
124,898,지구촌기독교하늘선교협회,서울특별시 구로구 고척로41길 35,서울특별시 구로구 고척동 261-84,지구촌기독교하늘선교협회,,지층 전체,노인 저소득주민,12:00~13:00,월+화+수+목+금,2014-10-12,,,,2024-01-26,3160000,서울특별시 구로구
125,899,동작노인종합복지관,서울특별시 동작구 상도로11길 7,서울특별시 동작구 대방동 335-10,동작노인종합복지관,02-823-0064,동작노인종합복지관,만60세 이상 결식우려가 있는 저소득 어르신,중식(11:30~13:00),월+화+수+목+금+토,2020-01-01,2021-12-31,37.50039208,126.9291105,2024-04-05,3190000,서울특별시 동작구
126,927,서대문노인종합복지관,서울특별시 서대문구 독립문로8길 57 (천연동),서울특별시 서대문구 천연동 117-3,서대문노인종합복지관,,서대문노인종합복지관,저소득어르신,10:30~12:00,경로식당(월+화+수+목+금+토)+식사배달(월+화+수+목+금+토+일)+밑반찬배달(화+금),,,37.56800449,126.959129,2022-08-01,3120000,서울특별시 서대문구
127,947,관악노인종합복지관,서울특별시 관악구 보라매로 35(관악노인종합복지관),서울특별시 관악구 봉천동 726-3,관악노인종합복지관,02-888-6144,관악노인종합복지관,만 60세 이상 저소득 어르신,평일중식(11:20-12:40)+토요일중식(11:10-12:10),월+화+수+목+금+토,,,37.49304069,126.9263301,2024-10-02,3200000,서울특별시 관악구
128,948,서울YWCA봉천종합사회복지관,서울특별시 관악구 관악로 254(청림동 서울YWCA봉천종합사회복지관),서울특별시 관악구 봉천동 37,서울YWCA봉천종합사회복지관,02-870-4457,서울YWCA봉천종합사회복지관,만 60세 이상 저소득 어르신,중식(11:00-12:00),월+화+수+목+금+토,1993-02-01,,37.48668511,126.9575761,2024-10-02,3200000,서울특별시 관악구
129,949,강감찬종합사회복지관,서울특별시 관악구 양녕로 74,서울특별시 관악구 봉천동 492-6,강감찬종합사회복지관,02-886-9941,강감찬종합사회복지관,만 60세 이상 저소득 어르신,중식(11:30-12:30),월+화+수+목+금+토,,,37.48851649,126.9466587,2024-10-02,3200000,서울특별시 관악구
130,950,성민종합사회복지관,서울특별시 관악구 호암로 549,서울특별시 관악구 신림동 300-4,성민종합사회복지관,02-876-0900,성민종합사회복지관,만 60세 이상 저소득 어르신,중식(11:15-12:00),월+화+수+목+금+토,1996-10-24,,37.46678996,126.9312404,2024-10-02,3200000,서울특별시 관악구
131,951,신림종합사회복지관,서울특별시 관악구 난곡로 110,서울특별시 관악구 신림동 664,신림종합사회복지관,02-851-1767,신림종합사회복지관 4층 밥내음식당,만 60세 이상 저소득 어르신,중식(11:00-12:00),월+화+수+목+금+토,1999-06-01,,37.46483759,126.9198595,2024-10-02,3200000,서울특별시 관악구
132,952,중앙사회복지관,서울특별시 관악구 봉천로 41길 33(중앙동 중앙사회복지관),서울특별시 관악구 봉천동 890-7,중앙사회복지관,02-872-5802,중앙사회복지관,만 60세 이상 저소득 어르신,중식(11:00-13:00),월+화+수+목+금+토,2009-05-18,,37.48436167,126.9480697,2024-10-02,3200000,서울특별시 관악구
133,984,서울기능장애인협회 노원지부,서울특별시 노원구 한글비석로 182,서울특별시 노원구 하계동 9-5,서울기능장애인협회 노원지부,02-2135-6352,협회식당,장애인,중식(11:30 ~),월+화+수+목+금,,,37.643746,127.076731,2024-07-22,3100000,서울특별시 노원구
134,985,참아름교회,서울특별시 노원구 노원구 공릉로 351,서울특별시 노원구 하계1동 284,참아름교회,02-974-4443,참아름교회 2~3층,저소득 노인,중식(12:00 ~),월+화+수+목+금+토+일,,,37.637529,127.069874,2024-07-22,3100000,서울특별시 노원구
135,986,아름다운 세상 모두함께,서울특별시 노원구 상계로37길 11,서울특별시 노원구 상계동 111-267,아름다운 세상 모두함께,02-556-1333,1층 식당,결식노인+노숙자,화ㆍ목 석식(17:30~ )+토 중식(12:00~ ),화+목+토,,,37.67100255,127.079221,2024-07-22,3100000,서울특별시 노원구
136,1001,장안종합사회복지관,서울특별시 동대문구 한천로18길48(장안동),서울특별시 동대문구 장안동 395-2,장안종합사회복지관,02-2242-7564,장안종합사회복지관,저소득 어르신 급식지원사업 선정 대상자,11:30~12:30,월+화+수+목+금,,,37.56795185,127.0661722,2024-06-10,3050000,서울특별시 동대문구
137,1019,정릉종합사회복지관,서울특별시 성북구 솔샘로5길 92,서울특별시 성북구 정릉동 산 1-293,정릉종합사회복지관,02-909-0434,경로식당,60세이상 저소득어르신,11:30-13:00,월+화+수+목+금,2025-01-01,2025-12-31,,,2025-02-27,3070000,서울특별시 성북구
138,1020,길음종합사회복지관,서울특별시 성북구 삼양로2길 55,서울특별시 성북구 길음동 1061,길음종합사회복지관,02-985-0161,경로식당,60세이상 저소득어르신,11:00-13:00,월+화+수+목+금,2025-01-01,2025-12-31,,,2025-02-27,3070000,서울특별시 성북구
139,1042,동대문노인종합복지관,서울특별시 동대문구 제기로33길25(청량리동),서울특별시 동대문구 청량리동 11-1,동대문노인종합복지관,02-963-0565,동대문노인종합복지관,저소득 어르신 급식지원사업 선정 대상자,11:30~13:00,월+화+수+목+금+토,,,37.58724828,127.0500258,2024-06-10,3050000,서울특별시 동대문구
140,1101,신월종합사회복지관 경로식당,서울특별시 양천구 신월로24길 19 (신월동),서울특별시 양천구 신월동 1063-1,신월종합사회복지관,02-2605-8728,신월종합사회복지관,저소득 결식우려 어르신,중식(11:30-13:00),월+화+수+목+금+토,2023-01-01,2023-12-31,37.52003276,126.8473669,2024-12-12,3140000,서울특별시 양천구
141,1102,목동어르신복지관 경로식당,서울특별시 양천구 목동중앙로3길 21(목동),서울특별시 양천구 목동 765-1,목동어르신복지관,02-2643-3352,목동어르신복지관,저소득 결식우려 어르신,중식(11:30-13:00),월+화+수+목+금+토,2023-01-01,2023-12-31,37.536465,126.869268,2024-12-12,3140000,서울특별시 양천구
142,1103,해맞이경로식당,서울특별시 양천구 지양로 37(신월동),서울특별시 양천구 신월동 987,서서울어르신복지관,02-2699-9275,해맞이경로식당,저소득 결식우려 어르신,중식(11:30-13:00),월+화+수+목+금+토,2023-01-01,2023-12-31,37.519077,126.835622,2024-12-12,3140000,서울특별시 양천구
143,1123,성북노인종합복지관,서울특별시 성북구 종암로15길 10,서울특별시 성북구 종암동 66-14,성북노인종합복지관,02-929-7950,경로식당,60세이상 저소득어르신,11:30-13:00,월+화+수+목+금,2025-01-01,2025-12-31,,,2025-02-27,3070000,서울특별시 성북구
144,1124,생명의전화종합사회복지관,서울특별시 성북구 오패산로 21,서울특별시 성북구 하월곡동 96-113,생명의전화종합사회복지관,02-916-9193,경로식당,60세이상 저소득어르신,10:00-13:00,월+화+수+목+금,2025-01-01,2025-12-31,,,2025-02-27,3070000,서울특별시 성북구
145,1125,장위종합사회복지관,"서울특별시 성북구 화랑로 237, 2층",서울특별시 성북구장위동 65-24,장위종합사회복지관,02-918-3073,경로식당,60세이상 저소득어르신,11:00-13:00,월+화+수+목+금,2025-01-01,2025-12-31,,,2025-02-27,3070000,서울특별시 성북구
146,1136,금천노인종합복지관,서울특별시 금천구 시흥대로51길 93-32(시흥동),서울특별시 금천구 시흥동 558-1,금천노인종합복지관,02-804-4058,금천노인종합복지관 지하1층,저소득 어르신,중식(11:20-12:40),월+화+수+목+금+토,,,37.4501638,126.8977638,2024-09-02,3170000,서울특별시 금천구
147,1137,금천누리종합사회복지관,서울특별시 금천구 가산로 129(가산동),서울특별시 금천구 가산동 144-3,금천누리종합사회복지관,02-868-6856,금천누리종합사회복지관 5층,저소득 어르신,중식(11:20-12:30),월+화+수+목+금+토,,,37.476852,126.891799,2024-09-02,3170000,서울특별시 금천구
148,1149,금천한내어르신복지센터,서울특별시 금천구 한내로 69-15(독산동),서울특별시 금천구 독산동 1088-1,금천한내어르신복지센터,02-897-5104,금천한내어르신복지센터 4층,저소득 어르신,중식(11:00-12:10),월+화+수+목+금+토,,,37.4573875,126.8865394,2024-09-02,3170000,서울특별시 금천구
149,1150,금천호암노인종합복지관,서울특별시 금천구 독산로72길 86-5(독산동),서울특별시 금천구 독산동 917,금천호암노인종합복지관,02-853-7203,금천호암노인종합복지관 2층,저소득 어르신,중식(11:30-13:00),월+화+수+목+금+토,,,37.46951291,126.9064763,2024-09-02,3170000,서울특별시 금천구
150,1151,살구여성회,서울특별시 금천구 시흥대로148길 27(독산동),서울특별시 금천구 독산동 969-6,살구여성회,02-895-5973,살구여성회 따뜻한밥집,저소득 어르신,중식(11:00-12:30),월+화+수+목+금+토,,,37.4751323,126.9002445,2024-09-02,3170000,서울특별시 금천구
151,1152,주님앞에제일교회,서울특별시 금천구 탑골로2길 56(시흥동),서울특별시 금천구 시흥동 264-1,주님앞에제일교회,02-896-2031,주님앞에제일교회 2층,저소득 어르신,중식(11:50-12:40),화+수+목+금+토+일,,,37.4504161,126.9131787,2024-09-02,3170000,서울특별시 금천구
152,1153,청담종합사회복지관,서울특별시 금천구 금하로29길 26(시흥동),서울특별시 금천구 시흥동 241-7,청담종합사회복지관,02-806-1377,청담종합사회복지관 1층,저소득 어르신,중식(11:30-12:30),월+화+수+목+금+토,,,37.45113975,126.9129242,2024-09-02,3170000,서울특별시 금천구
153,1230,자양종합사회복지관,서울특별시 광진구 자양번영로 35(자양동),서울특별시 광진구 자양동 581-2,자양종합사회복지관,02-458-1664,자양종합사회복지관 식당,국민기초생활수급자,중식(11:30~13:00),월+화+수+목+금,2010-01-01,,37.532877,127.0752337,2024-01-31,3040000,서울특별시 광진구
154,1231,광진노인종합복지관,서울특별시 광진구 군자로 88(군자동),서울특별시 광진구 군자동 364-15,광진노인종합복지관,02-466-6242,광진노인종합복지관 식당,국민기초생활수급자,중식(11:30~13:00),월+화+수+목+금,2010-01-01,,37.551093,127.0715961,2024-01-31,3040000,서울특별시 광진구
155,1256,성동노인종합복지관,서울특별시 성동구 마조로 77,서울특별시 성동구 마장동 798-1 성동노인종합복지관,성동노인종합복지관,02-6341-8646,성동노인종합복지관 식당,60세이상 저소득 노인,11:30~13:00,월+화+수+목+금+토,2000-08-14,,37.564756,127.041241,2024-12-11,3030000,서울특별시 성동구
156,1257,성동장애인무료급식소,서울특별시 성동구 청계천로 516,서울특별시 성동구 마장동 610,지체장애인협회 성동지회,02-2291-8306,성동장애인생활회관 1층,저소득 장애인,11:00~13:00,월+화+수+목+금,2007-01-01,,37.57073007,127.0341592,2024-12-11,3030000,서울특별시 성동구
157,1258,성동종합사회복지관,서울특별시 성동구 청계천로 506,서울특별시 성동구 마장동 527-2 성동종합사회복지관,성동종합사회복지관,02-2290-3169,성동종합사회복지관 식당,60세이상 저소득 노인,11:00~13:00,월+화+수+목+금,1998-03-02,,37.57022175,127.0334425,2024-12-11,3030000,서울특별시 성동구
158,1259,성수종합사회복지관,서울특별시 성동구 뚝섬로1길 43,서울특별시 성동구 성수동1가 656-1784,성수종합사회복지관,02-2204-9900,성수종합사회복지관 식당,60세이상 저소득 노인,11:00~12:00,월+화+수+목+금+토,2012-06-01,,37.54542883,127.0469481,2024-12-11,3030000,서울특별시 성동구
159,1260,옥수종합사회복지관,서울특별시 성동구 한림말길 16-5,서울특별시 성동구 옥수동 16-5 옥수종합사회복지관,옥수종합사회복지관,02-2282-1100,옥수종합사회복지관 식당,60세이상 저소득 노인,11:00~13:00,월+화+수+목+금,1997-09-24,,37.540433,127.012782,2024-12-11,3030000,서울특별시 성동구
